theta0,theta1,corelation
8573.920473795863,-0.022184330975933694,-0.8561394207905029
